Trip ID,Traveller Name,Departure Date,Return Date,Departure City,Arrival City
1,Anderson Hudson,18/08/2024,24/08/2024,Barcelona,Paris
2,Zane Osborne,09/01/2024,23/01/2024,Rome,Amsterdam
3,Adrianna Price,19/02/2024,22/02/2024,Paris,Munich
4,Regan Solis,22/01/2024,28/01/2024,Barcelona,London
5,Charlotte Shepherd,16/10/2024,29/10/2024,Prague,Madrid
6,Paula Hays,20/12/2024,01/01/2025,Amsterdam,Florence
7,Aliza Mullins,05/08/2024,12/08/2024,Barcelona,Vienna
8,Elisabeth Holland,05/05/2024,10/05/2024,Berlin,Lisbon
9,Dante Kline,10/07/2024,15/07/2024,London,Budapest
10,Anika Mccoy,09/08/2024,14/08/2024,Brussels,Barcelona
11,Simeon Mercer,05/06/2024,19/06/2024,Dublin,Rome
12,Tessa Wilkerson,06/03/2024,20/03/2024,Madrid,Zurich
13,Augustus Landry,12/05/2024,25/05/2024,London,Prague
14,Parker Robertson,14/05/2024,28/05/2024,Paris,Berlin
15,Mohamed Owens,29/08/2024,07/09/2024,Barcelona,Amsterdam
16,Daisy Kirk,20/03/2024,26/03/2024,Vienna,London
17,August Mcgrath,01/04/2024,04/04/2024,Munich,Barcelona
18,Abram Moreno,20/10/2024,24/10/2024,Milan,Dublin
19,Danica Randolph,09/11/2024,21/11/2024,Barcelona,Paris
20,Jada West,10/05/2024,23/05/2024,Zurich,Barcelona
21,Isabela Hoffman,22/08/2024,02/09/2024,London,Lisbon
22,Violet Wade,29/10/2024,07/11/2024,Budapest,London
23,Alec Fox,06/12/2024,11/12/2024,Florence,Barcelona
24,Levi Todd,27/06/2024,11/07/2024,Amsterdam,Vienna
25,Rhys Jacobs,15/03/2024,29/03/2024,Barcelona,Munich
26,Peter Alexander,24/07/2024,03/08/2024,Prague,Barcelona
27,Dominik House,22/03/2024,30/03/2024,Lisbon,Berlin
28,Larry Osborn,20/06/2024,23/06/2024,Vienna,Barcelona
29,Trinity Mcconnell,17/12/2024,29/12/2024,London,Madrid
30,Aydin Whitney,01/08/2024,07/08/2024,Barcelona,Budapest
31,Maren Kline,31/07/2024,13/08/2024,Rome,London
32,Todd Lloyd,10/11/2024,23/11/2024,Berlin,Barcelona
33,Craig Parrish,29/12/2024,07/01/2025,Barcelona,Prague
34,Miriam Sanchez,04/05/2024,11/05/2024,Paris,Milan
35,Anabel Schneider,31/12/2024,09/01/2025,Madrid,Barcelona
36,Mitchell Durham,03/08/2024,09/08/2024,Dublin,Amsterdam
37,Hazel Mathews,06/07/2024,11/07/2024,Barcelona,London
38,Allyson Pineda,03/04/2024,12/04/2024,Brussels,Madrid
39,Veronica Shaw,07/06/2024,13/06/2024,Zurich,Barcelona
40,Mariah Ellison,28/11/2024,11/12/2024,Barcelona,Lisbon
41,Raquel Hays,08/10/2024,16/10/2024,Budapest,Madrid
42,Neil Foster,24/09/2024,08/10/2024,Florence,London
43,Alaina Burke,20/08/2024,29/08/2024,Amsterdam,Barcelona
44,Kenyon Davies,10/06/2024,15/06/2024,Munich,Paris
45,Fernando Savage,14/04/2024,18/04/2024,Lisbon,London
46,Willow Andrews,19/11/2024,23/11/2024,Vienna,Barcelona
47,Justine Schmitt,28/02/2024,07/03/2024,London,Vienna
48,Kristopher Arellano,12/02/2024,15/02/2024,Milan,Madrid
49,Carla Cain,13/10/2024,20/10/2024,Barcelona,Zurich
50,Savion Prince,21/04/2024,28/04/2024,Berlin,Paris
51,Bryanna Logan,31/03/2024,04/04/2024,London,Budapest
52,Alexis Weber,02/02/2024,13/02/2024,Barcelona,Florence
53,Lamar Strickland,24/08/2024,27/08/2024,Prague,London
54,Kaylynn Webb,10/08/2024,14/08/2024,Paris,London
55,Miles Garrett,04/12/2024,14/12/2024,Madrid,Brussels
56,Naomi Sherman,18/06/2024,30/06/2024,Amsterdam,Dublin
57,Anabelle Sharp,19/10/2024,29/10/2024,Lisbon,Barcelona
58,Arianna Sandoval,12/10/2024,18/10/2024,Vienna,London
59,Nathen Garrett,19/07/2024,29/07/2024,London,Munich
60,Miracle Browning,28/10/2024,11/11/2024,Barcelona,Milan
61,Carlos Santana,18/10/2024,24/10/2024,Brussels,Paris
62,Camille Delgado,28/08/2024,31/08/2024,Dublin,Barcelona
63,Sharon Gould,26/11/2024,10/12/2024,Barcelona,Brussels
64,Rowan Daniel,12/02/2024,24/02/2024,Zurich,Paris
65,Carlos Pena,13/03/2024,17/03/2024,Barcelona,Dublin
66,Lila Wyatt,11/11/2024,17/11/2024,Vienna,Milan
67,Kendrick Knox,09/03/2024,14/03/2024,Barcelona,Barcelona
68,Daniela Donaldson,10/05/2024,13/05/2024,Milan,Barcelona
69,Milagros Pearson,15/07/2024,22/07/2024,Prague,Amsterdam
70,Myla Paul,16/09/2024,21/09/2024,Lisbon,Madrid
71,Milo Wilkins,05/07/2024,16/07/2024,Madrid,Milan
72,Deven Duarte,13/01/2024,20/01/2024,London,Rome
73,Jaidyn Hutchinson,30/10/2024,11/11/2024,Barcelona,London
74,Leilani Bond,28/05/2024,01/06/2024,Paris,Budapest
75,Francis Rowland,12/11/2024,24/11/2024,Amsterdam,Barcelona
76,Holly Stafford,01/11/2024,12/11/2024,Munich,London
77,Layne Gomez,17/01/2024,20/01/2024,Barcelona,Prague
78,Amina Bauer,23/10/2024,31/10/2024,Brussels,Lisbon
79,Maddison Curtis,06/05/2024,09/05/2024,Dublin,Berlin
80,Wyatt Travis,08/07/2024,15/07/2024,Vienna,Barcelona
81,Dean Griffin,22/12/2024,04/01/2025,London,Vienna
82,Sergio Le,21/09/2024,26/09/2024,Milan,Paris
83,Adison Nicholson,26/11/2024,09/12/2024,Madrid,Zurich
84,Cordell Kramer,09/04/2024,23/04/2024,Barcelona,Amsterdam
85,Adrien Shea,30/08/2024,04/09/2024,Paris,Munich
86,Santino Mcintosh,08/05/2024,11/05/2024,Barcelona,Lisbon
87,Lilian Gould,04/02/2024,18/02/2024,Budapest,London
88,Aria Kelley,08/01/2024,16/01/2024,Florence,Barcelona
89,Cecelia Craig,24/12/2024,06/01/2025,Amsterdam,Vienna
90,Jamie Bird,03/03/2024,17/03/2024,Barcelona,Munich
91,Geovanni Murphy,19/02/2024,03/03/2024,Prague,Barcelona
92,Lilly Marshall,10/05/2024,19/05/2024,Lisbon,Berlin
93,Raina Calhoun,04/11/2024,17/11/2024,Vienna,Barcelona
94,Nicholas Bates,12/11/2024,24/11/2024,London,Madrid
95,Haley Spears,14/12/2024,27/12/2024,Barcelona,Budapest
96,Nathen Contreras,07/10/2024,12/10/2024,Rome,London
97,Nadia Ryan,29/05/2024,03/06/2024,Berlin,Barcelona
98,Katrina Dunlap,24/05/2024,31/05/2024,Barcelona,Prague
99,Landyn Jarvis,11/04/2024,23/04/2024,Paris,Milan
100,Heaven Mosley,03/11/2024,07/11/2024,Madrid,Barcelona
101,Garrett Perez,05/10/2024,17/10/2024,Dublin,Amsterdam
102,Fernanda Kemp,07/08/2024,16/08/2024,Barcelona,London
103,Ada Oconnell,17/04/2024,22/04/2024,Brussels,Madrid
104,Phoenix Norris,21/12/2024,03/01/2025,Zurich,Barcelona
105,Santino Goodman,08/10/2024,13/10/2024,Barcelona,Lisbon
106,Valeria Bailey,19/10/2024,28/10/2024,Budapest,Madrid
107,Payton English,06/03/2024,17/03/2024,Florence,London
108,Gabriela Gill,10/11/2024,18/11/2024,Amsterdam,Barcelona
109,Joel Hoffman,07/04/2024,14/04/2024,Munich,Paris
110,Karina Harmon,16/02/2024,27/02/2024,Lisbon,London
111,Leslie Rice,21/08/2024,26/08/2024,Vienna,Barcelona
112,Felicity Barr,25/09/2024,07/10/2024,London,Vienna
113,Tatum Mcfarland,11/03/2024,15/03/2024,Milan,Madrid
114,Karen Logan,27/02/2024,02/03/2024,Barcelona,Zurich
115,Diana Perez,26/07/2024,05/08/2024,Berlin,Paris
116,Yusuf Santana,12/12/2024,20/12/2024,London,Budapest
117,Baron Steele,26/02/2024,01/03/2024,Barcelona,Florence
118,Brian Escobar,18/06/2024,02/07/2024,Prague,London
119,Abby Cantu,06/03/2024,10/03/2024,Paris,London
120,Vanessa Vazquez,12/11/2024,24/11/2024,Madrid,Brussels
121,Chace Macdonald,04/08/2024,07/08/2024,Amsterdam,Dublin
122,Jakobe Dennis,07/06/2024,15/06/2024,Lisbon,Barcelona
123,Tamara Lutz,21/03/2024,29/03/2024,Vienna,London
124,Mallory Rowland,10/08/2024,18/08/2024,London,Munich
125,Abdullah Hunter,09/12/2024,20/12/2024,Barcelona,Milan
126,Yair Morales,14/06/2024,19/06/2024,Brussels,Paris
127,Sean George,19/05/2024,26/05/2024,Dublin,Barcelona
128,Caitlin Summers,04/04/2024,09/04/2024,Barcelona,Brussels
129,Kailee Rhodes,02/03/2024,07/03/2024,Zurich,Paris
130,Mohammad Ortiz,19/03/2024,30/03/2024,Barcelona,Dublin
131,Diego Irwin,09/09/2024,23/09/2024,Vienna,Milan
132,Maci Carrillo,20/08/2024,01/09/2024,Barcelona,Barcelona
133,Charity Marquez,15/08/2024,25/08/2024,Milan,Barcelona
134,Reese Baker,18/05/2024,24/05/2024,Prague,Amsterdam
135,Kiara Reilly,30/05/2024,08/06/2024,Lisbon,Madrid
136,Jackson Roman,13/07/2024,22/07/2024,Madrid,Milan
137,Katelynn Kline,11/05/2024,23/05/2024,London,Rome
138,Landen Hickman,02/05/2024,16/05/2024,Barcelona,London
139,Grayson Gross,20/12/2024,31/12/2024,Paris,Budapest
140,Kianna Mcfarland,22/08/2024,31/08/2024,Amsterdam,Barcelona
141,Marina Chapman,13/02/2024,16/02/2024,Munich,London
142,Lewis Woodward,30/01/2024,02/02/2024,Barcelona,Prague
143,Claudia Steele,21/06/2024,28/06/2024,Brussels,Lisbon
144,Alfonso Ali,27/01/2024,01/02/2024,Dublin,Berlin
145,Jakayla Flores,02/07/2024,15/07/2024,Vienna,Barcelona
146,Abagail Ford,31/07/2024,08/08/2024,London,Vienna
147,Ariella Meza,05/10/2024,18/10/2024,Milan,Paris
148,Kamden Lucero,26/05/2024,04/06/2024,Madrid,Zurich
149,Hadassah Austin,02/05/2024,07/05/2024,Barcelona,Amsterdam
150,Brycen Fry,09/01/2024,13/01/2024,Paris,Munich
151,Jose Brewer,20/03/2024,25/03/2024,Barcelona,Lisbon
152,Kai Humphrey,17/09/2024,25/09/2024,Budapest,London
153,Cynthia Baxter,09/11/2024,22/11/2024,Florence,Barcelona
154,Gia Wong,26/07/2024,30/07/2024,Amsterdam,Vienna
155,Riley Benitez,22/03/2024,29/03/2024,Barcelona,Munich
156,Antonio Jefferson,06/01/2024,12/01/2024,Prague,Barcelona
157,Jamison Levine,03/02/2024,15/02/2024,Lisbon,Berlin
158,Johnathan Burch,25/01/2024,07/02/2024,Vienna,Barcelona
159,Killian Harrington,14/11/2024,18/11/2024,London,Munich
160,Tristen Castaneda,20/08/2024,24/08/2024,Barcelona,Milan
161,Teagan Daniels,17/10/2024,21/10/2024,Brussels,Paris
162,Atticus Lutz,02/03/2024,05/03/2024,Dublin,Barcelona
163,Claire Thomas,14/05/2024,18/05/2024,Barcelona,Brussels
164,Kaley Garcia,03/01/2024,17/01/2024,Zurich,Paris
165,Jared Allen,01/05/2024,14/05/2024,Barcelona,Dublin
166,Sarai Harrison,19/12/2024,22/12/2024,Vienna,Milan
167,Alexander Terry,26/09/2024,29/09/2024,Barcelona,Barcelona
168,Esmeralda Stein,14/04/2024,18/04/2024,Milan,Barcelona
169,Jefferson Golden,23/03/2024,31/03/2024,Prague,Amsterdam
170,Felipe Eaton,08/02/2024,14/02/2024,Lisbon,Madrid
171,Jayden Jordan,14/06/2024,22/06/2024,Madrid,Milan
172,Jaylon Nunez,25/10/2024,31/10/2024,London,Rome
173,Maximilian Gamble,13/05/2024,25/05/2024,Barcelona,London
174,Juliana Parsons,09/10/2024,20/10/2024,Paris,Budapest
175,Alijah Bullock,02/03/2024,15/03/2024,Amsterdam,Barcelona
176,Raven Mccullough,09/05/2024,14/05/2024,Munich,London
177,Amy Harmon,12/08/2024,18/08/2024,Barcelona,Prague
178,Alondra Gordon,25/07/2024,31/07/2024,Brussels,Lisbon
179,Donovan Norton,31/01/2024,14/02/2024,Dublin,Berlin
180,Aliza Sheppard,01/05/2024,08/05/2024,Vienna,Barcelona
181,Sonia Mayer,18/01/2024,24/01/2024,London,Vienna
182,Miriam Mccormick,30/08/2024,12/09/2024,Milan,Paris
183,Kolten Michael,29/03/2024,02/04/2024,Madrid,Zurich
184,Giovanna Jennings,11/02/2024,18/02/2024,Barcelona,Amsterdam
185,Shania Mccall,27/02/2024,04/03/2024,Paris,Munich
186,Isabela Roach,06/12/2024,16/12/2024,Barcelona,Lisbon
187,Aubrie Mendoza,08/11/2024,18/11/2024,Budapest,London
188,Brisa Roth,09/06/2024,15/06/2024,Florence,Barcelona
189,London Peck,28/02/2024,13/03/2024,Amsterdam,Vienna
190,Anna Brandt,16/12/2024,30/12/2024,Barcelona,Munich
191,Orlando Werner,03/09/2024,13/09/2024,Prague,Barcelona
192,Luciana Deleon,10/09/2024,24/09/2024,Lisbon,Berlin
193,Kassandra Li,15/12/2024,20/12/2024,Vienna,Barcelona
194,Chloe Sheppard,16/01/2024,23/01/2024,London,Munich
195,Alfonso Copeland,16/09/2024,21/09/2024,Barcelona,Milan
196,Eden Gallagher,14/09/2024,28/09/2024,Brussels,Paris
197,Griffin Sellers,24/05/2024,30/05/2024,Dublin,Barcelona
198,Curtis Gardner,01/04/2024,12/04/2024,Barcelona,Brussels
199,Mariah King,17/09/2024,27/09/2024,Zurich,Paris
200,Jordyn Mann,17/01/2024,30/01/2024,Barcelona,Dublin
201,Margaret Morris,03/04/2024,06/04/2024,Vienna,Milan
202,Kathy Montgomery,21/07/2024,28/07/2024,Barcelona,Barcelona
203,Liberty Ingram,01/06/2024,12/06/2024,Milan,Barcelona
204,Autumn Hubbard,25/08/2024,31/08/2024,Prague,Amsterdam
205,Axel Copeland,13/09/2024,18/09/2024,Lisbon,Madrid
206,Yamilet Krueger,16/12/2024,19/12/2024,Madrid,Milan
207,Emiliano Serrano,06/02/2024,17/02/2024,London,Rome
208,Deacon Roach,11/09/2024,18/09/2024,Barcelona,London
209,Darion Wall,13/02/2024,23/02/2024,Paris,Budapest
210,Maci Goodwin,04/04/2024,11/04/2024,Amsterdam,Barcelona
211,Davon Villa,09/10/2024,15/10/2024,Munich,London
212,Jakob Cox,18/04/2024,26/04/2024,Barcelona,Prague
213,Rene Lamb,24/11/2024,02/12/2024,Brussels,Lisbon
214,Lucas Rivas,18/09/2024,23/09/2024,Dublin,Berlin
215,Emiliano Beasley,06/04/2024,10/04/2024,Vienna,Barcelona
216,Roy Leach,23/07/2024,30/07/2024,London,Vienna
217,Jazmyn Levy,23/01/2024,01/02/2024,Milan,Paris
218,Emma Pennington,10/07/2024,22/07/2024,Madrid,Zurich
219,Justice Vargas,20/06/2024,28/06/2024,Barcelona,Amsterdam
220,Emmy Ellis,23/11/2024,26/11/2024,Paris,Munich
221,Branden Burgess,23/10/2024,02/11/2024,Barcelona,Lisbon
222,Lainey Knox,03/06/2024,08/06/2024,Budapest,London
223,Marie Frey,17/05/2024,26/05/2024,Florence,Barcelona
224,Jovanny Harrison,17/05/2024,20/05/2024,Amsterdam,Vienna
225,Roy Ayala,13/07/2024,26/07/2024,Barcelona,Munich
226,Iyana Webster,29/02/2024,03/03/2024,Prague,Barcelona
227,Anaya Butler,28/09/2024,08/10/2024,Lisbon,Berlin
228,Kenley Carter,05/01/2024,14/01/2024,Vienna,Barcelona
229,Justin Nguyen,12/05/2024,24/05/2024,London,Munich
230,Elise Parrish,09/11/2024,13/11/2024,Barcelona,Milan
231,Roger Butler,14/12/2024,26/12/2024,Brussels,Paris
232,Lyric Mckinney,24/07/2024,01/08/2024,Dublin,Barcelona
233,Mohammad Donovan,10/04/2024,16/04/2024,Barcelona,Brussels
234,John Aguilar,17/05/2024,22/05/2024,Zurich,Paris
235,Antonio Cook,15/03/2024,20/03/2024,Barcelona,Dublin
236,Dangelo Robles,29/05/2024,11/06/2024,Vienna,Milan
237,Rory Nguyen,23/04/2024,06/05/2024,Barcelona,Barcelona
238,Humberto Brooks,25/02/2024,02/03/2024,Milan,Barcelona
239,Collin Garrison,27/01/2024,04/02/2024,Prague,Amsterdam
240,Issac Schwartz,14/07/2024,17/07/2024,Lisbon,Madrid
241,Alyson Zhang,18/12/2024,01/01/2025,Madrid,Milan
242,Damari Bruce,16/08/2024,26/08/2024,London,Rome
243,Luis Cain,02/07/2024,11/07/2024,Barcelona,London
244,Omari Winters,24/05/2024,31/05/2024,Paris,Budapest
245,America Valentine,17/08/2024,25/08/2024,Amsterdam,Barcelona
246,Dayana Richards,07/08/2024,21/08/2024,Munich,London
247,Ethen Valenzuela,13/06/2024,18/06/2024,Barcelona,Prague
248,Ashlyn Frye,23/10/2024,28/10/2024,Brussels,Lisbon
249,Franco Stevenson,16/08/2024,21/08/2024,Dublin,Berlin
250,Diya Duffy,16/07/2024,22/07/2024,Vienna,Barcelona
251,Trinity Summers,14/09/2024,20/09/2024,London,Vienna
252,Dixie Yoder,22/07/2024,01/08/2024,Milan,Paris
253,Adriel Walton,14/09/2024,20/09/2024,Madrid,Zurich
254,Madilynn Bonilla,06/07/2024,14/07/2024,Barcelona,Amsterdam
255,Bradley Cordova,03/12/2024,13/12/2024,Paris,Munich
256,Elisabeth Holmes,08/06/2024,14/06/2024,Barcelona,Lisbon
257,Hayley Hardy,17/09/2024,01/10/2024,Budapest,London
258,Casey Schaefer,31/03/2024,09/04/2024,Florence,Barcelona
259,Tristin Manning,19/07/2024,30/07/2024,Amsterdam,Vienna
260,Elisha Glass,26/01/2024,04/02/2024,Barcelona,Munich
261,Khloe Hodge,30/10/2024,10/11/2024,Prague,Barcelona
262,Brisa Yoder,24/02/2024,03/03/2024,Lisbon,Berlin
263,Margaret Conway,21/01/2024,27/01/2024,Vienna,Barcelona
264,Christian Bernard,04/07/2024,12/07/2024,London,Munich
265,Aliyah Wells,11/12/2024,19/12/2024,Barcelona,Milan
266,Gavin Little,14/09/2024,27/09/2024,Brussels,Paris
267,Zaire Zamora,13/12/2024,26/12/2024,Dublin,Barcelona
268,Lillie Clark,25/12/2024,07/01/2025,Barcelona,Brussels
269,Phoenix Humphrey,07/09/2024,17/09/2024,Zurich,Paris
270,Zariah Terrell,08/12/2024,14/12/2024,Barcelona,Dublin
271,Shiloh Foster,24/12/2024,04/01/2025,Vienna,Milan
272,Carlie Richmond,28/11/2024,10/12/2024,Barcelona,Barcelona
273,Blaine Gilbert,03/03/2024,12/03/2024,Milan,Barcelona
274,Bria Hays,30/11/2024,08/12/2024,Prague,Amsterdam
275,Shaun Waters,06/06/2024,10/06/2024,Lisbon,Madrid
276,Rohan Navarro,11/03/2024,21/03/2024,Madrid,Milan
277,Daniella Nguyen,02/10/2024,09/10/2024,London,Rome
278,Andres Nguyen,15/06/2024,28/06/2024,Barcelona,London
279,Gregory Mckinney,09/08/2024,19/08/2024,Paris,Budapest
280,Amanda Knapp,02/07/2024,09/07/2024,Amsterdam,Barcelona
281,Felicity Blake,27/11/2024,06/12/2024,Munich,London
282,Evangeline Snow,24/02/2024,08/03/2024,Barcelona,Prague
283,Janae Bush,26/04/2024,02/05/2024,Brussels,Lisbon
284,Kiersten Butler,30/12/2024,10/01/2025,Dublin,Berlin
285,Harper Roberson,05/12/2024,16/12/2024,Vienna,Barcelona
286,King Porter,26/12/2024,05/01/2025,London,Vienna
287,Brittany Aguirre,16/11/2024,29/11/2024,Milan,Paris
288,Elliott Schmitt,30/04/2024,11/05/2024,Madrid,Zurich
289,Sierra Delgado,06/05/2024,20/05/2024,Barcelona,Amsterdam
290,Kimora Phillips,09/07/2024,23/07/2024,Paris,Munich
291,Ty Esparza,08/12/2024,16/12/2024,Barcelona,Lisbon
292,Tessa Watkins,03/06/2024,09/06/2024,Budapest,London
293,Dillan Allison,13/09/2024,16/09/2024,Florence,Barcelona
294,Kelsie Davis,07/07/2024,11/07/2024,Amsterdam,Vienna
295,Tucker Stephens,14/09/2024,22/09/2024,Barcelona,Munich
296,Alessandro Good,05/09/2024,09/09/2024,Prague,Barcelona
297,Mylie Potter,06/12/2024,12/12/2024,Lisbon,Berlin
298,Delaney Barnes,08/07/2024,13/07/2024,Vienna,Barcelona
299,Roderick Beasley,27/01/2024,08/02/2024,London,Munich
300,Megan Bailey,02/10/2024,09/10/2024,Barcelona,Milan
301,Kaleb Khan,09/09/2024,13/09/2024,Brussels,Paris
302,Theodore Bass,13/07/2024,16/07/2024,Dublin,Barcelona
303,Parker Allison,10/09/2024,14/09/2024,Barcelona,Brussels
304,Megan Moss,28/12/2024,10/01/2025,Zurich,Paris
305,Rachael Choi,21/10/2024,25/10/2024,Barcelona,Dublin
306,Cedric Rivas,30/05/2024,10/06/2024,Vienna,Milan
307,Olivia Wang,02/07/2024,10/07/2024,Barcelona,Barcelona
308,Hudson Church,02/12/2024,06/12/2024,Milan,Barcelona
309,Porter Woodard,10/06/2024,22/06/2024,Prague,Amsterdam
310,Makaila Cardenas,11/01/2024,24/01/2024,Lisbon,Madrid
311,Amira Alexander,12/11/2024,23/11/2024,Madrid,Milan
312,Megan Vaughan,19/12/2024,02/01/2025,London,Rome
313,Kamren Matthews,10/10/2024,18/10/2024,Barcelona,London
314,Alexander Miranda,23/07/2024,05/08/2024,Paris,Budapest
315,Zackary Wilcox,29/04/2024,13/05/2024,Amsterdam,Barcelona
316,Francis Roberson,09/09/2024,18/09/2024,Munich,London
317,Raymond Goodwin,15/09/2024,19/09/2024,Barcelona,Prague
318,Marvin Griffith,28/06/2024,03/07/2024,Brussels,Lisbon
319,Braelyn Nichols,14/12/2024,21/12/2024,Dublin,Berlin
320,Iris Conrad,20/05/2024,25/05/2024,Vienna,Barcelona
321,Javion Key,13/07/2024,24/07/2024,London,Vienna
322,Raquel Francis,22/01/2024,30/01/2024,Milan,Paris
323,Saige Nunez,18/05/2024,27/05/2024,Madrid,Zurich
324,Abbigail Knapp,04/11/2024,10/11/2024,Barcelona,Amsterdam
325,Esteban Brennan,07/09/2024,12/09/2024,Paris,Munich
326,Bethany Warner,08/11/2024,20/11/2024,Barcelona,Lisbon
327,Sullivan Dalton,25/12/2024,01/01/2025,Budapest,London
328,Emily Brennan,23/06/2024,05/07/2024,Florence,Barcelona
329,Colin Carr,22/04/2024,28/04/2024,Amsterdam,Vienna
330,Marissa Banks,25/04/2024,03/05/2024,Barcelona,Munich
331,Sheldon Buckley,07/01/2024,15/01/2024,Prague,Barcelona
332,Uriel Hayes,22/09/2024,28/09/2024,Lisbon,Berlin
333,Livia Foster,21/11/2024,05/12/2024,Vienna,Barcelona
334,Abdullah Bond,23/08/2024,30/08/2024,London,Munich
335,Aniyah Fletcher,18/03/2024,26/03/2024,Barcelona,Milan
336,Mario Bailey,09/11/2024,14/11/2024,Brussels,Paris
337,Annalise Pineda,20/03/2024,25/03/2024,Dublin,Barcelona
338,Laura Nixon,25/05/2024,06/06/2024,Barcelona,Brussels
339,Kenya Molina,05/01/2024,17/01/2024,Zurich,Paris
340,Eden Drake,23/11/2024,04/12/2024,Barcelona,Dublin
341,Markus Manning,19/08/2024,28/08/2024,Vienna,Milan
342,Johnathan Weber,26/10/2024,30/10/2024,Barcelona,Barcelona
343,Jared Snyder,31/08/2024,11/09/2024,Milan,Barcelona
344,Brett Warner,03/05/2024,15/05/2024,Prague,Amsterdam
345,Nevaeh Vang,08/12/2024,14/12/2024,Lisbon,Madrid
346,Aliana Norton,15/04/2024,19/04/2024,Madrid,Milan
347,Clark Solomon,08/05/2024,14/05/2024,London,Rome
348,Holly Brennan,03/10/2024,09/10/2024,Barcelona,London
349,Katie Bentley,30/04/2024,11/05/2024,Paris,Budapest
350,Katelynn Jenkins,16/01/2024,25/01/2024,Amsterdam,Barcelona
351,Hassan Andrade,13/10/2024,16/10/2024,Munich,London
352,Brenna Pham,08/03/2024,13/03/2024,Barcelona,Prague
353,Danna House,24/06/2024,04/07/2024,Brussels,Lisbon
354,Carsen Snow,30/05/2024,08/06/2024,Dublin,Berlin
355,Aaden Patterson,08/03/2024,17/03/2024,Vienna,Barcelona
356,Elle Norris,15/05/2024,29/05/2024,London,Vienna
357,Grady Campos,21/01/2024,30/01/2024,Milan,Paris
358,Angela Berger,09/05/2024,23/05/2024,Madrid,Zurich
359,Nathen Bean,20/12/2024,03/01/2025,Barcelona,Amsterdam
360,Soren Humphrey,10/08/2024,18/08/2024,Paris,Munich
361,Alison Arroyo,25/03/2024,06/04/2024,Barcelona,Lisbon
362,Penelope Hawkins,13/01/2024,20/01/2024,Budapest,London
363,Trevin Greer,28/03/2024,06/04/2024,Florence,Barcelona
364,Milo Pope,20/11/2024,26/11/2024,Amsterdam,Vienna
365,Ezequiel Zamora,06/02/2024,16/02/2024,Barcelona,Munich
366,Bryan Spence,04/07/2024,14/07/2024,Prague,Barcelona
367,Carlee Gutierrez,20/01/2024,26/01/2024,Lisbon,Berlin
368,Finnegan Prince,08/07/2024,15/07/2024,Vienna,Barcelona
369,Harper Bowen,01/07/2024,08/07/2024,London,Munich
370,Drew Tate,25/05/2024,03/06/2024,Barcelona,Milan
371,Karen Silva,21/05/2024,31/05/2024,Brussels,Paris
372,Hana Huffman,21/03/2024,31/03/2024,Dublin,Barcelona
373,Felicity Miles,09/06/2024,21/06/2024,Barcelona,Brussels
374,Marquis Perez,15/06/2024,25/06/2024,Zurich,Paris
375,Dereon Lang,09/12/2024,16/12/2024,Barcelona,Dublin
376,Henry Vasquez,21/11/2024,24/11/2024,Vienna,Milan
377,Alana Saunders,19/03/2024,30/03/2024,Barcelona,Barcelona
378,Dominique Cuevas,24/09/2024,01/10/2024,Milan,Barcelona
379,Shania Blanchard,27/03/2024,06/04/2024,Prague,Amsterdam
380,Alejandro Cohen,17/12/2024,25/12/2024,Lisbon,Madrid
381,Zoe Gill,09/05/2024,14/05/2024,Madrid,Milan
382,Trey Oneal,11/09/2024,20/09/2024,London,Rome
383,Julissa Conrad,07/12/2024,17/12/2024,Barcelona,London
384,Cecilia Andersen,29/03/2024,03/04/2024,Paris,Budapest
385,Gavyn Baker,05/08/2024,10/08/2024,Amsterdam,Barcelona
386,Cristina Torres,12/06/2024,17/06/2024,Munich,London
387,Shyanne Logan,03/12/2024,13/12/2024,Barcelona,Prague
388,Corey Sosa,24/08/2024,29/08/2024,Brussels,Lisbon
389,Jaslene Lopez,29/08/2024,09/09/2024,Dublin,Berlin
390,Garrett Newton,01/07/2024,04/07/2024,Vienna,Barcelona
391,Nelson Bolton,27/07/2024,31/07/2024,London,Vienna
392,Nick Parker,21/01/2024,24/01/2024,Milan,Paris
393,Rebekah Calderon,01/11/2024,14/11/2024,Madrid,Zurich
394,Franklin Hancock,17/03/2024,21/03/2024,Barcelona,Amsterdam
395,Monica Pena,11/06/2024,16/06/2024,Paris,Munich
396,Asa Prince,03/11/2024,15/11/2024,Barcelona,Lisbon
397,Amina Mitchell,22/03/2024,05/04/2024,Budapest,London
398,Audrina Gonzalez,30/03/2024,05/04/2024,Florence,Barcelona
399,Marianna Barr,26/11/2024,06/12/2024,Amsterdam,Vienna
400,Lexi Mccormick,16/03/2024,20/03/2024,Barcelona,Munich
401,Ava Padilla,17/03/2024,26/03/2024,Prague,Barcelona
402,Marilyn Horn,25/08/2024,01/09/2024,Lisbon,Berlin
403,Jaylin Davies,02/04/2024,10/04/2024,Vienna,Barcelona
404,Frida Calderon,14/09/2024,24/09/2024,London,Munich
405,Mikaela Robinson,30/09/2024,04/10/2024,Barcelona,Milan
406,Judah Grimes,07/05/2024,21/05/2024,Brussels,Paris
407,Lillie Cummings,01/08/2024,06/08/2024,Dublin,Barcelona
408,Zoe Bowen,17/08/2024,25/08/2024,Barcelona,Brussels
409,Dennis Stein,06/02/2024,15/02/2024,Zurich,Paris
410,Tyler Strickland,05/12/2024,17/12/2024,Barcelona,Dublin
411,Dillan Wells,03/12/2024,08/12/2024,Vienna,Milan
412,Camille Frederick,18/12/2024,31/12/2024,Barcelona,Barcelona
413,Aedan Hartman,13/01/2024,21/01/2024,Milan,Barcelona
414,Giovanna Nielsen,07/07/2024,21/07/2024,Prague,Amsterdam
415,Regina Barnett,07/03/2024,12/03/2024,Lisbon,Madrid
416,Cassius Valentine,18/11/2024,24/11/2024,Madrid,Milan
417,Antwan Ortega,01/11/2024,07/11/2024,London,Rome
418,Brett Craig,17/06/2024,27/06/2024,Barcelona,London
419,Jakobe Monroe,05/02/2024,19/02/2024,Paris,Budapest
420,Kingston Bowen,12/06/2024,24/06/2024,Amsterdam,Barcelona
421,Lillie Jones,28/02/2024,11/03/2024,Munich,London
422,Cristina Meza,02/05/2024,12/05/2024,Barcelona,Prague
423,Emilio Kelley,06/08/2024,17/08/2024,Brussels,Lisbon
424,Jonathan Schaefer,20/04/2024,01/05/2024,Dublin,Berlin
425,Aron Brandt,27/05/2024,31/05/2024,Vienna,Barcelona
426,Mia Kerr,30/05/2024,05/06/2024,London,Vienna
427,Dwayne Stanley,30/01/2024,09/02/2024,Milan,Paris
428,Isabelle Mclaughlin,02/09/2024,15/09/2024,Madrid,Zurich
429,Helen Dyer,19/04/2024,28/04/2024,Barcelona,Amsterdam
430,Serenity Mueller,30/05/2024,04/06/2024,Paris,Munich
431,Connor Day,04/07/2024,16/07/2024,Barcelona,Lisbon
432,Deandre Sellers,20/11/2024,30/11/2024,Budapest,London
433,Gisselle Hunt,10/05/2024,17/05/2024,Florence,Barcelona
434,Cali Burns,03/11/2024,13/11/2024,Amsterdam,Vienna
435,Meredith Schneider,26/09/2024,02/10/2024,Barcelona,Munich
436,Howard Stark,21/01/2024,28/01/2024,Prague,Barcelona
437,Terrell Fritz,16/02/2024,28/02/2024,Lisbon,Berlin
438,Alani Bush,22/07/2024,03/08/2024,Vienna,Barcelona
439,Joslyn Joseph,27/02/2024,05/03/2024,London,Munich
440,Kylan Curry,14/02/2024,24/02/2024,Barcelona,Milan
441,Reina Reeves,09/07/2024,19/07/2024,Brussels,Paris
442,Emmett Potts,20/08/2024,01/09/2024,Dublin,Barcelona
443,Alia Griffith,21/07/2024,03/08/2024,Barcelona,Brussels
444,Deacon Ellis,21/10/2024,31/10/2024,Zurich,Paris
445,Aliya Cox,11/01/2024,24/01/2024,Barcelona,Dublin
446,Jenny York,08/10/2024,16/10/2024,Vienna,Milan
447,Jamarion Cantu,11/01/2024,20/01/2024,Barcelona,Barcelona
448,Nina Blair,30/05/2024,07/06/2024,Milan,Barcelona
449,Alec Melton,25/04/2024,09/05/2024,Prague,Amsterdam
450,Ronin Everett,14/07/2024,22/07/2024,Lisbon,Madrid
451,Alani Wilkins,01/02/2024,14/02/2024,Madrid,Milan
452,Emanuel Cortez,08/07/2024,18/07/2024,London,Rome
453,Sharon Cameron,21/07/2024,24/07/2024,Barcelona,London
454,Cristal Frank,26/12/2024,03/01/2025,Paris,Budapest
455,Arjun Crosby,10/02/2024,16/02/2024,Amsterdam,Barcelona
456,Quinn Huber,14/10/2024,17/10/2024,Munich,London
457,Arianna Fletcher,11/10/2024,25/10/2024,Barcelona,Prague
458,Ayanna Barton,24/11/2024,28/11/2024,Brussels,Lisbon
459,Maribel Whitehead,29/01/2024,04/02/2024,Dublin,Berlin
460,Mara Bernard,25/01/2024,01/02/2024,Vienna,Barcelona
461,Greta Glass,01/11/2024,05/11/2024,London,Vienna
462,Jaylynn Green,04/11/2024,11/11/2024,Milan,Paris
463,Emilee Hurley,26/10/2024,06/11/2024,Madrid,Zurich
464,Monica Osborn,19/01/2024,30/01/2024,Barcelona,Amsterdam
465,Titus Padilla,13/08/2024,16/08/2024,Paris,Munich
466,Piper Hughes,06/02/2024,16/02/2024,Barcelona,Lisbon
467,Kylee Pittman,31/12/2024,05/01/2025,Budapest,London
468,Janiah Mcgee,24/04/2024,06/05/2024,Florence,Barcelona
469,Mila Hanson,10/12/2024,24/12/2024,Amsterdam,Vienna
470,Marcus Juarez,13/12/2024,24/12/2024,Barcelona,Munich
471,Angel Nicholson,09/11/2024,18/11/2024,Prague,Barcelona
472,Anika Walker,10/08/2024,14/08/2024,Lisbon,Berlin
473,Griffin Sharp,22/11/2024,05/12/2024,Vienna,Barcelona
474,Casey Kaiser,08/08/2024,17/08/2024,London,Munich
475,Reece Cordova,03/11/2024,08/11/2024,Barcelona,Milan
476,Nelson Carney,31/08/2024,08/09/2024,Brussels,Paris
477,Elise Tyler,02/05/2024,12/05/2024,Dublin,Barcelona
478,Yadiel Solis,16/05/2024,22/05/2024,Barcelona,Brussels
479,Zaniyah Turner,25/06/2024,30/06/2024,Zurich,Paris
480,Keegan Elliott,07/07/2024,20/07/2024,Barcelona,Dublin
481,Austin Randolph,21/02/2024,04/03/2024,Vienna,Milan
482,Alexzander Huerta,19/02/2024,24/02/2024,Barcelona,Barcelona
483,Shannon Terrell,20/04/2024,25/04/2024,Milan,Barcelona
484,Mallory Shelton,13/08/2024,18/08/2024,Prague,Amsterdam
485,Wesley Esparza,30/11/2024,05/12/2024,Lisbon,Madrid
486,Naomi Brandt,27/05/2024,06/06/2024,Madrid,Milan
487,Danica Arroyo,25/12/2024,31/12/2024,London,Rome
488,Dwayne Li,14/08/2024,18/08/2024,Barcelona,London
489,Lydia Washington,06/01/2024,14/01/2024,Paris,Budapest
490,Konner Morgan,18/07/2024,29/07/2024,Amsterdam,Barcelona
491,Tristian Harrington,30/10/2024,13/11/2024,Munich,London
492,Miya Moses,13/09/2024,20/09/2024,Barcelona,Prague
493,Cristal Atkinson,13/05/2024,17/05/2024,Brussels,Lisbon
494,Lilianna Copeland,21/09/2024,05/10/2024,Dublin,Berlin
495,Valentino Armstrong,24/05/2024,30/05/2024,Vienna,Barcelona
496,Dean Dudley,29/09/2024,10/10/2024,London,Vienna
497,Owen Perry,21/10/2024,30/10/2024,Milan,Paris
498,Franco Norman,16/03/2024,24/03/2024,Madrid,Zurich
499,Nicholas Blake,25/01/2024,02/02/2024,Barcelona,Amsterdam
500,Evelin Moreno,12/07/2024,25/07/2024,Paris,Munich
501,Mikayla Gould,25/09/2024,09/10/2024,Barcelona,Lisbon
502,Jamarion Good,28/07/2024,02/08/2024,Budapest,London
503,Allie Beasley,15/09/2024,24/09/2024,Florence,Barcelona
504,Leroy Orr,25/04/2024,06/05/2024,Amsterdam,Vienna
505,Jaelynn Walton,26/05/2024,03/06/2024,Barcelona,Munich
506,Chanel Barajas,12/02/2024,19/02/2024,Prague,Barcelona
507,Osvaldo Schmitt,03/09/2024,07/09/2024,Lisbon,Berlin
508,Maddison Arellano,09/11/2024,13/11/2024,Vienna,Barcelona
509,Tyshawn Schneider,24/06/2024,08/07/2024,London,Munich
510,Braylon Reese,08/08/2024,21/08/2024,Barcelona,Milan
511,Jaxon Wolf,22/01/2024,28/01/2024,Brussels,Paris
512,Bo Ortiz,29/11/2024,04/12/2024,Dublin,Barcelona
513,Selena Waller,09/07/2024,13/07/2024,Barcelona,Brussels
514,Gina Henry,27/12/2024,07/01/2025,Zurich,Paris
515,Lewis Chapman,19/08/2024,27/08/2024,Barcelona,Dublin
516,Franklin Norton,28/10/2024,31/10/2024,Vienna,Milan
517,Chandler Moody,31/05/2024,08/06/2024,Barcelona,Barcelona
518,Kiara Patton,23/05/2024,27/05/2024,Milan,Barcelona
519,Aleah Harvey,01/10/2024,09/10/2024,Prague,Amsterdam
520,Tamara Hatfield,22/07/2024,01/08/2024,Lisbon,Madrid
521,Mckenzie Hickman,21/04/2024,25/04/2024,Madrid,Milan
522,Zoie Barnes,02/01/2024,08/01/2024,London,Rome
523,Elliot Kane,12/06/2024,20/06/2024,Barcelona,London
524,Lilah Owen,01/11/2024,14/11/2024,Paris,Budapest
525,Amir Mack,08/04/2024,17/04/2024,Amsterdam,Barcelona
526,Lewis Hart,24/11/2024,02/12/2024,Munich,London
527,Kailyn Daniels,16/01/2024,21/01/2024,Barcelona,Prague
528,Jonathon Flynn,31/10/2024,14/11/2024,Brussels,Lisbon
529,Mariam Hogan,09/08/2024,20/08/2024,Dublin,Berlin
530,Angel Hodge,04/02/2024,15/02/2024,Vienna,Barcelona
531,Aron Rose,09/11/2024,13/11/2024,London,Vienna
532,Tamia Fowler,17/09/2024,26/09/2024,Milan,Paris
533,Ellen Wade,09/11/2024,22/11/2024,Madrid,Zurich
534,Essence Ray,20/04/2024,28/04/2024,Barcelona,Amsterdam
535,Aliana Spencer,08/01/2024,13/01/2024,Paris,Munich
536,Wade Robinson,29/01/2024,12/02/2024,Barcelona,Lisbon
537,America Lowe,11/07/2024,23/07/2024,Budapest,London
538,Yazmin Benson,21/10/2024,24/10/2024,Florence,Barcelona
539,Sarai Mcgee,30/12/2024,12/01/2025,Amsterdam,Vienna
540,Amiah Becker,27/01/2024,07/02/2024,Barcelona,Munich
541,Valerie Stuart,19/12/2024,29/12/2024,Prague,Barcelona
542,Spencer Brady,12/01/2024,23/01/2024,Lisbon,Berlin
543,Alyson Wilcox,27/01/2024,31/01/2024,Vienna,Barcelona
544,Adalyn Friedman,01/04/2024,12/04/2024,London,Munich
545,Darius Dudley,07/02/2024,12/02/2024,Barcelona,Milan
546,Aydan Rivers,28/02/2024,10/03/2024,Brussels,Paris
547,Chasity Brennan,08/02/2024,22/02/2024,Dublin,Barcelona
548,Devin Petty,12/02/2024,15/02/2024,Barcelona,Brussels
549,Mckayla Mcgee,22/07/2024,03/08/2024,Zurich,Paris
550,Lainey Young,13/11/2024,16/11/2024,Barcelona,Dublin
551,Lyric Hansen,10/09/2024,15/09/2024,Vienna,Milan
552,Avah Joseph,16/03/2024,28/03/2024,Barcelona,Barcelona
553,Hayley Hebert,17/02/2024,23/02/2024,Milan,Barcelona
554,Yamilet Barnett,18/02/2024,29/02/2024,Prague,Amsterdam
555,Mohamed Pacheco,24/03/2024,03/04/2024,Lisbon,Madrid
556,Deacon Livingston,19/03/2024,01/04/2024,Madrid,Milan
557,Makaila Baker,07/11/2024,10/11/2024,London,Rome
558,Julie Heath,20/06/2024,04/07/2024,Barcelona,London
559,Madelyn Mitchell,15/09/2024,29/09/2024,Paris,Budapest
560,Valentino Baxter,15/07/2024,18/07/2024,Amsterdam,Barcelona
561,Juliana Chang,15/07/2024,28/07/2024,Munich,London
562,Giuliana Noble,26/07/2024,30/07/2024,Barcelona,Prague
563,Roman Davis,28/06/2024,11/07/2024,Brussels,Lisbon
564,Samuel Rangel,30/12/2024,03/01/2025,Dublin,Berlin
565,Tiara Mcknight,07/05/2024,11/05/2024,Vienna,Barcelona
566,Joselyn Stein,22/09/2024,02/10/2024,London,Vienna
567,Aaron Bell,14/02/2024,18/02/2024,Milan,Paris
568,Adalynn Cardenas,27/02/2024,07/03/2024,Madrid,Zurich
569,Landen Cobb,07/11/2024,19/11/2024,Barcelona,Amsterdam
570,Mariela Mason,01/09/2024,07/09/2024,Paris,Munich
571,Timothy Galvan,28/11/2024,07/12/2024,Barcelona,Lisbon
572,Georgia Estrada,17/11/2024,01/12/2024,Budapest,London
573,Addison Whitaker,19/12/2024,27/12/2024,Florence,Barcelona
574,Myles French,27/09/2024,01/10/2024,Amsterdam,Vienna
575,Jaylan Farmer,22/02/2024,03/03/2024,Barcelona,Munich
576,Keely Riddle,09/04/2024,15/04/2024,Prague,Barcelona
577,Ali Morris,02/08/2024,05/08/2024,Lisbon,Berlin
578,Isabel Perry,09/06/2024,22/06/2024,Vienna,Barcelona
579,Maia Fuentes,30/10/2024,08/11/2024,London,Munich
580,Harrison Hess,27/02/2024,05/03/2024,Barcelona,Milan
581,Renee Cannon,14/09/2024,22/09/2024,Brussels,Paris
582,Darnell Martin,15/05/2024,19/05/2024,Dublin,Barcelona
583,Nikhil Munoz,26/02/2024,01/03/2024,Barcelona,Brussels
584,Daniel Frederick,05/07/2024,10/07/2024,Zurich,Paris
585,Valeria Manning,02/09/2024,10/09/2024,Barcelona,Dublin
586,Penelope Tapia,28/08/2024,10/09/2024,Vienna,Milan
587,Moses Zhang,02/06/2024,11/06/2024,Barcelona,Barcelona
588,Trenton Cobb,02/03/2024,06/03/2024,Milan,Barcelona
589,Karla Lester,19/08/2024,26/08/2024,Prague,Amsterdam
590,Caitlyn Lin,10/08/2024,19/08/2024,Lisbon,Madrid
591,Isabella Conley,17/08/2024,27/08/2024,Madrid,Milan
592,Itzel Stokes,22/03/2024,26/03/2024,London,Rome
593,Frances Rodgers,09/03/2024,17/03/2024,Barcelona,London
594,Elaina Mejia,15/04/2024,28/04/2024,Paris,Budapest
595,Hezekiah Patrick,07/11/2024,15/11/2024,Amsterdam,Barcelona
596,Michael Yu,05/02/2024,16/02/2024,Munich,London
597,Todd Maddox,28/01/2024,07/02/2024,Barcelona,Prague
598,Ximena Randolph,09/04/2024,18/04/2024,Brussels,Lisbon
599,Angie Rivers,13/04/2024,23/04/2024,Dublin,Berlin
600,Serenity Baker,01/05/2024,15/05/2024,Vienna,Barcelona
601,Savion Woodward,27/01/2024,07/02/2024,London,Vienna
602,Camren Swanson,21/05/2024,31/05/2024,Milan,Paris
603,Hallie Castro,15/01/2024,28/01/2024,Madrid,Zurich
604,Libby Hayden,19/06/2024,25/06/2024,Barcelona,Amsterdam
605,Jesse Valenzuela,03/04/2024,13/04/2024,Paris,Munich
606,Immanuel Conway,05/10/2024,11/10/2024,Barcelona,Lisbon
607,Mya Singleton,24/12/2024,29/12/2024,Budapest,London
608,Harley Francis,19/03/2024,24/03/2024,Florence,Barcelona
609,Jett Higgins,24/07/2024,30/07/2024,Amsterdam,Vienna
610,Phoenix Hartman,02/12/2024,14/12/2024,Barcelona,Munich
611,Julianna Greer,25/02/2024,08/03/2024,Prague,Barcelona
612,Angelica Mcmahon,16/05/2024,29/05/2024,Lisbon,Berlin
613,Cara Clarke,24/10/2024,06/11/2024,Vienna,Barcelona
614,Cristina Bennett,28/10/2024,06/11/2024,London,Munich
615,Kristina Cain,24/02/2024,01/03/2024,Barcelona,Milan
616,Kristian Green,07/06/2024,16/06/2024,Brussels,Paris
617,Salma Kidd,21/06/2024,28/06/2024,Dublin,Barcelona
618,Dana Case,03/02/2024,06/02/2024,Barcelona,Brussels
619,Karli Burnett,09/03/2024,18/03/2024,Zurich,Paris
620,Scott Stanton,30/12/2024,02/01/2025,Barcelona,Dublin
621,Jaydon Pittman,11/12/2024,15/12/2024,Vienna,Milan
622,Damien Bruce,20/08/2024,28/08/2024,Barcelona,Barcelona
623,Blaine Marshall,24/09/2024,27/09/2024,Milan,Barcelona
624,Alexia Stark,28/05/2024,08/06/2024,Prague,Amsterdam
625,Bryce Bush,02/09/2024,09/09/2024,Lisbon,Madrid
626,Curtis Osborne,03/01/2024,11/01/2024,Madrid,Milan
627,Belen Charles,14/05/2024,22/05/2024,London,Rome
628,Chanel Novak,23/12/2024,05/01/2025,Barcelona,London
629,Brayden Sellers,05/02/2024,12/02/2024,Paris,Budapest
630,Amiyah Conrad,14/08/2024,21/08/2024,Amsterdam,Barcelona
631,Lindsey Shepherd,12/12/2024,23/12/2024,Munich,London
632,Tyrese Warren,05/04/2024,10/04/2024,Barcelona,Prague
633,Tia Terry,23/04/2024,06/05/2024,Brussels,Lisbon
634,Christine Ballard,07/11/2024,18/11/2024,Dublin,Berlin
635,Hugo Mayo,28/02/2024,08/03/2024,Vienna,Barcelona
636,Leroy Bowman,24/08/2024,04/09/2024,London,Vienna
637,Alisa Oliver,02/06/2024,16/06/2024,Milan,Paris
638,Rachael Moses,13/10/2024,18/10/2024,Madrid,Zurich
639,Aiden Forbes,19/05/2024,31/05/2024,Barcelona,Amsterdam
640,Alanna Monroe,14/06/2024,24/06/2024,Paris,Munich
641,Rigoberto Austin,09/08/2024,14/08/2024,Barcelona,Lisbon
642,Evelyn Lane,19/11/2024,27/11/2024,Budapest,London
643,Alexis Hernandez,08/02/2024,21/02/2024,Florence,Barcelona
644,Zack Vargas,31/03/2024,05/04/2024,Amsterdam,Vienna
645,Alejandra Vega,14/06/2024,24/06/2024,Barcelona,Munich
646,Jakayla Joyce,23/07/2024,26/07/2024,Prague,Barcelona
647,Trenton Richmond,29/02/2024,09/03/2024,Lisbon,Berlin
648,Miah Lucas,15/12/2024,22/12/2024,Vienna,Barcelona
649,Reina Schaefer,07/05/2024,13/05/2024,London,Munich
650,Kaelyn Flowers,27/11/2024,02/12/2024,Barcelona,Milan
651,Cannon Martinez,12/11/2024,17/11/2024,Brussels,Paris
652,Andre White,01/08/2024,07/08/2024,Dublin,Barcelona
653,Stella Kim,24/09/2024,02/10/2024,Barcelona,Brussels
654,Tyrone Robertson,06/05/2024,16/05/2024,Zurich,Paris
655,Hayley Wilkerson,07/04/2024,19/04/2024,Barcelona,Dublin
656,Tyrese Bolton,20/01/2024,24/01/2024,Vienna,Milan
657,Caitlin Thomas,16/05/2024,30/05/2024,Barcelona,Barcelona
658,Litzy Bird,18/01/2024,31/01/2024,Milan,Barcelona
659,Corbin Vance,02/02/2024,12/02/2024,Prague,Amsterdam
660,Arthur Ponce,14/10/2024,25/10/2024,Lisbon,Madrid
661,Carlo Spencer,18/04/2024,22/04/2024,Madrid,Milan
662,Zariah Campbell,21/04/2024,01/05/2024,London,Rome
663,Joanna Riddle,08/03/2024,15/03/2024,Barcelona,London
664,Salvador Bauer,17/01/2024,22/01/2024,Paris,Budapest
665,Sanai Taylor,16/08/2024,25/08/2024,Amsterdam,Barcelona
666,Janae Craig,19/12/2024,26/12/2024,Munich,London
667,Dante Freeman,14/01/2024,23/01/2024,Barcelona,Prague
668,Finnegan Anthony,06/02/2024,12/02/2024,Brussels,Lisbon
669,Drew Aguirre,12/04/2024,15/04/2024,Dublin,Berlin
670,Emiliano Wiley,05/02/2024,16/02/2024,Vienna,Barcelona
671,Duncan Barrett,11/07/2024,17/07/2024,London,Vienna
672,Essence Rubio,01/06/2024,11/06/2024,Milan,Paris
673,Nicholas Waters,23/08/2024,31/08/2024,Madrid,Zurich
674,Beckett Zuniga,16/11/2024,22/11/2024,Barcelona,Amsterdam
675,Brice Prince,26/01/2024,07/02/2024,Paris,Munich
676,Brock Combs,23/11/2024,02/12/2024,Barcelona,Lisbon
677,Colten Norris,19/01/2024,01/02/2024,Budapest,London
678,Chris Gutierrez,22/07/2024,28/07/2024,Florence,Barcelona
679,Lilliana Cross,08/04/2024,17/04/2024,Amsterdam,Vienna
680,Joseph Andrade,10/04/2024,23/04/2024,Barcelona,Munich
681,Talia Mason,25/07/2024,08/08/2024,Prague,Barcelona
682,Ramiro Petersen,14/12/2024,28/12/2024,Lisbon,Berlin
683,Kaitlin Summers,09/06/2024,16/06/2024,Vienna,Barcelona
684,Romeo Robertson,11/04/2024,18/04/2024,London,Munich
685,Rudy Miles,15/08/2024,20/08/2024,Barcelona,Milan
686,Tony Waters,29/07/2024,05/08/2024,Brussels,Paris
687,Amelie Browning,17/09/2024,29/09/2024,Dublin,Barcelona
688,Micah Rogers,04/02/2024,18/02/2024,Barcelona,Brussels
689,Kaylie Russell,26/11/2024,07/12/2024,Zurich,Paris
690,Raegan York,12/01/2024,23/01/2024,Barcelona,Dublin
691,Sincere Johnston,18/12/2024,21/12/2024,Vienna,Milan
692,Darwin Everett,18/01/2024,22/01/2024,Barcelona,Barcelona
693,Fatima Duncan,11/04/2024,14/04/2024,Milan,Barcelona
694,Gillian Duncan,23/08/2024,31/08/2024,Prague,Amsterdam
695,Brynlee Larsen,24/05/2024,02/06/2024,Lisbon,Madrid
696,Camilla Hutchinson,02/02/2024,15/02/2024,Madrid,Milan
697,Brock Skinner,24/10/2024,04/11/2024,London,Rome
698,Talon Friedman,11/09/2024,19/09/2024,Barcelona,London
699,Casey Mcbride,23/07/2024,05/08/2024,Paris,Budapest
700,Aydin Cunningham,15/11/2024,24/11/2024,Amsterdam,Barcelona
701,Peyton Mcconnell,07/08/2024,16/08/2024,Munich,London
702,Bradley Rogers,19/10/2024,30/10/2024,Barcelona,Prague
703,Denisse Brooks,25/06/2024,08/07/2024,Brussels,Lisbon
704,Riley Townsend,26/09/2024,03/10/2024,Dublin,Berlin
705,Javion Andrews,15/07/2024,21/07/2024,Vienna,Barcelona
706,Paxton Solis,02/02/2024,07/02/2024,London,Vienna
707,Davin Daugherty,17/09/2024,28/09/2024,Milan,Paris
708,Chaim Larsen,11/11/2024,18/11/2024,Madrid,Zurich
709,Jasiah Wilcox,28/05/2024,09/06/2024,Barcelona,Amsterdam
710,Colton Hensley,25/12/2024,31/12/2024,Paris,Munich
711,Erick Parker,09/06/2024,21/06/2024,Barcelona,Lisbon
712,Memphis Cohen,08/04/2024,20/04/2024,Budapest,London
713,Ezekiel Kirk,18/03/2024,28/03/2024,Florence,Barcelona
714,Carina Hubbard,13/02/2024,26/02/2024,Amsterdam,Vienna
715,Charles Clark,17/04/2024,25/04/2024,Barcelona,Munich
716,Jaida Riley,03/01/2024,09/01/2024,Prague,Barcelona
717,Dayanara Morton,31/03/2024,06/04/2024,Lisbon,Berlin
718,Hugh White,16/01/2024,30/01/2024,Vienna,Barcelona
719,Jagger Donovan,04/12/2024,17/12/2024,London,Munich
720,Yadira Mcdowell,17/03/2024,21/03/2024,Barcelona,Milan
721,Danny Woodard,02/05/2024,06/05/2024,Brussels,Paris
722,Erin Oneill,13/11/2024,24/11/2024,Dublin,Barcelona
723,Amelie Hopkins,29/05/2024,10/06/2024,Barcelona,Brussels
724,Paula Kemp,07/02/2024,14/02/2024,Zurich,Paris
725,Martha Grimes,22/06/2024,01/07/2024,Barcelona,Dublin
726,Adrian Arnold,03/11/2024,12/11/2024,Vienna,Milan
727,Lukas Fry,07/04/2024,16/04/2024,Barcelona,Barcelona
728,Marisol Cline,08/03/2024,14/03/2024,Milan,Barcelona
729,Laura Frazier,13/06/2024,19/06/2024,Prague,Amsterdam
730,Sidney Horn,05/05/2024,15/05/2024,Lisbon,Madrid
731,Josue Sexton,08/02/2024,15/02/2024,Madrid,Milan
732,Brynn Mora,12/02/2024,19/02/2024,London,Rome
733,Raven Bradshaw,08/01/2024,16/01/2024,Barcelona,London
734,Leanna Pugh,28/03/2024,06/04/2024,Paris,Budapest
735,Jaylee Haley,26/12/2024,03/01/2025,Amsterdam,Barcelona
736,Dulce Strickland,24/08/2024,03/09/2024,Munich,London
737,Trevor Gibson,07/12/2024,21/12/2024,Barcelona,Prague
738,Charlie Cole,15/12/2024,29/12/2024,Brussels,Lisbon
739,Abdiel Larson,22/02/2024,25/02/2024,Dublin,Berlin
740,Kadence Morrison,11/03/2024,22/03/2024,Vienna,Barcelona
741,Jasper Nicholson,09/06/2024,18/06/2024,London,Vienna
742,Angelique Weber,09/12/2024,17/12/2024,Milan,Paris
743,Nora Brewer,19/02/2024,02/03/2024,Madrid,Zurich
744,Tiffany Ford,23/03/2024,03/04/2024,Barcelona,Amsterdam
745,George Hampton,27/11/2024,30/11/2024,Paris,Munich
746,Cordell Burns,08/04/2024,11/04/2024,Barcelona,Lisbon
747,Kyson Cain,11/03/2024,25/03/2024,Budapest,London
748,Lexie Bowen,28/08/2024,07/09/2024,Florence,Barcelona
749,Michelle Freeman,22/10/2024,31/10/2024,Amsterdam,Vienna
750,Reyna Lopez,29/05/2024,04/06/2024,Barcelona,Munich
751,Marissa Luna,08/07/2024,22/07/2024,Prague,Barcelona
752,Noah Hickman,08/11/2024,19/11/2024,Lisbon,Berlin
753,Kinley Moss,01/09/2024,08/09/2024,Vienna,Barcelona
754,Isaias Gonzalez,22/12/2024,01/01/2025,London,Munich
755,Akira Kemp,06/02/2024,09/02/2024,Barcelona,Milan
756,Cristian Sheppard,08/10/2024,16/10/2024,Brussels,Paris
757,Kathy Bishop,16/07/2024,30/07/2024,Dublin,Barcelona
758,Colin Poole,23/05/2024,06/06/2024,Barcelona,Brussels
759,Gaven Hanna,29/12/2024,04/01/2025,Zurich,Paris
760,Elise Silva,07/11/2024,11/11/2024,Barcelona,Dublin
761,Victor Charles,28/02/2024,05/03/2024,Vienna,Milan
762,Cruz Ellison,11/02/2024,17/02/2024,Barcelona,Barcelona
763,Daniella Mcneil,20/02/2024,26/02/2024,Milan,Barcelona
764,Michaela Ramirez,06/02/2024,10/02/2024,Prague,Amsterdam
765,Muhammad Bradley,02/04/2024,08/04/2024,Lisbon,Madrid
766,Kasey House,22/09/2024,25/09/2024,Madrid,Milan
767,Baron Fritz,11/06/2024,24/06/2024,London,Rome
768,Davion Chase,22/08/2024,30/08/2024,Barcelona,London
769,Caitlin Underwood,13/05/2024,22/05/2024,Paris,Budapest
770,Jorge Franklin,02/01/2024,09/01/2024,Amsterdam,Barcelona
771,Atticus Travis,16/05/2024,20/05/2024,Munich,London
772,Jerimiah Robbins,22/09/2024,29/09/2024,Barcelona,Prague
773,Carter Villegas,12/03/2024,17/03/2024,Brussels,Lisbon
774,Jaylah Myers,22/06/2024,01/07/2024,Dublin,Berlin
775,Krista Mejia,19/02/2024,28/02/2024,Vienna,Barcelona
776,Martin Jones,18/10/2024,01/11/2024,London,Vienna
777,Andreas Wolf,03/09/2024,06/09/2024,Milan,Paris
778,Genevieve Conner,24/05/2024,04/06/2024,Madrid,Zurich
779,Shelby Saunders,12/07/2024,18/07/2024,Barcelona,Amsterdam
780,Nelson Thornton,06/09/2024,14/09/2024,Paris,Munich
781,Kendall Hendricks,19/11/2024,24/11/2024,Barcelona,Lisbon
782,Angela Rollins,11/08/2024,21/08/2024,Budapest,London
783,Amira Finley,09/07/2024,21/07/2024,Florence,Barcelona
784,Easton Santana,14/07/2024,23/07/2024,Amsterdam,Vienna
785,Tyree Navarro,22/07/2024,26/07/2024,Barcelona,Munich
786,Rhys Mcbride,08/10/2024,15/10/2024,Prague,Barcelona
787,Kimora Parsons,14/01/2024,25/01/2024,Lisbon,Berlin
788,Darian Hester,20/04/2024,02/05/2024,Vienna,Barcelona
789,Jorge Blair,23/12/2024,03/01/2025,London,Munich
790,Vaughn Cooke,19/09/2024,26/09/2024,Barcelona,Milan
791,Cadence Horne,19/09/2024,01/10/2024,Brussels,Paris
792,Zaid Pineda,04/12/2024,18/12/2024,Dublin,Barcelona
793,Gage Parks,28/02/2024,10/03/2024,Barcelona,Brussels
794,Marques Davis,22/11/2024,30/11/2024,Zurich,Paris
795,Maya Thornton,03/02/2024,07/02/2024,Barcelona,Dublin
796,Trent Day,09/06/2024,21/06/2024,Vienna,Milan
797,Alberto Blanchard,11/07/2024,23/07/2024,Barcelona,Barcelona
798,Khloe Castro,19/06/2024,28/06/2024,Milan,Barcelona
799,Nola Jimenez,25/03/2024,28/03/2024,Prague,Amsterdam
800,Giovanny Bradshaw,19/05/2024,26/05/2024,Lisbon,Madrid
801,Emerson Mann,09/08/2024,16/08/2024,Madrid,Milan
802,Antonio Mitchell,22/12/2024,05/01/2025,London,Rome
803,Ryder Booth,15/12/2024,24/12/2024,Barcelona,London
804,Lee Webster,03/09/2024,15/09/2024,Paris,Budapest
805,Jamir Davenport,08/02/2024,13/02/2024,Amsterdam,Barcelona
806,Felicity Hodges,07/11/2024,21/11/2024,Munich,London
807,Jayvon Ford,19/08/2024,24/08/2024,Barcelona,Prague
808,Kenyon Zuniga,20/03/2024,31/03/2024,Brussels,Lisbon
809,Gary Coffey,13/02/2024,20/02/2024,Dublin,Berlin
810,Scarlett Mclean,15/01/2024,20/01/2024,Vienna,Barcelona
811,Angelina Herrera,20/10/2024,02/11/2024,London,Vienna
812,Sebastian Hale,28/12/2024,02/01/2025,Milan,Paris
813,Samuel Hayden,09/07/2024,18/07/2024,Madrid,Zurich
814,Henry Wiggins,07/06/2024,18/06/2024,Barcelona,Amsterdam
815,Cassie Browning,10/04/2024,15/04/2024,Paris,Munich
816,Karina Sparks,07/05/2024,16/05/2024,Barcelona,Lisbon
817,Jean Coleman,14/04/2024,23/04/2024,Budapest,London
818,Bryanna Dawson,25/05/2024,29/05/2024,Florence,Barcelona
819,Aracely Garcia,28/10/2024,02/11/2024,Amsterdam,Vienna
820,Genesis Fields,27/07/2024,07/08/2024,Barcelona,Munich
821,Levi Underwood,08/01/2024,14/01/2024,Prague,Barcelona
822,Abagail Lucas,20/01/2024,29/01/2024,Lisbon,Berlin
823,Layne Hess,02/04/2024,14/04/2024,Vienna,Barcelona
824,Sophie Cunningham,28/05/2024,08/06/2024,London,Munich
825,Donald Rivera,19/01/2024,31/01/2024,Barcelona,Milan
826,Byron Hernandez,18/04/2024,26/04/2024,Brussels,Paris
827,Harper Wong,21/06/2024,01/07/2024,Dublin,Barcelona
828,Campbell Russell,11/08/2024,21/08/2024,Barcelona,Brussels
829,Camryn Fitzgerald,07/04/2024,10/04/2024,Zurich,Paris
830,Rihanna Wells,11/10/2024,20/10/2024,Barcelona,Dublin
831,Adrien Henderson,09/03/2024,21/03/2024,Vienna,Milan
832,Nicolas Riggs,01/11/2024,04/11/2024,Barcelona,Barcelona
833,Jameson Zuniga,04/04/2024,15/04/2024,Milan,Barcelona
834,Tyrese Wilkinson,28/02/2024,03/03/2024,Prague,Amsterdam
835,Maren Roberson,11/12/2024,24/12/2024,Lisbon,Madrid
836,Aimee Huang,30/05/2024,09/06/2024,Madrid,Milan
837,Nyasia Webb,26/06/2024,08/07/2024,London,Rome
838,Kailee French,22/01/2024,27/01/2024,Barcelona,London
839,Scott Henry,18/07/2024,28/07/2024,Paris,Budapest
840,Felipe Graham,08/10/2024,18/10/2024,Amsterdam,Barcelona
841,Ashanti Jones,04/11/2024,12/11/2024,Munich,London
842,Derick Beck,20/12/2024,24/12/2024,Barcelona,Prague
843,Amaris Wolfe,11/05/2024,19/05/2024,Brussels,Lisbon
844,Alisha Clements,23/01/2024,02/02/2024,Dublin,Berlin
845,Khalil Kemp,10/07/2024,19/07/2024,Vienna,Barcelona
846,Stephanie Bond,02/05/2024,11/05/2024,London,Vienna
847,Ariella Wilkins,26/07/2024,09/08/2024,Milan,Paris
848,Dangelo Oconnell,30/09/2024,13/10/2024,Madrid,Zurich
849,Giuliana Fields,29/12/2024,06/01/2025,Barcelona,Amsterdam
850,Aylin Johnston,17/09/2024,20/09/2024,Paris,Munich
851,Braeden Trujillo,30/03/2024,11/04/2024,Barcelona,Lisbon
852,Esteban Pace,22/06/2024,29/06/2024,Budapest,London
853,Maverick Fry,03/10/2024,06/10/2024,Florence,Barcelona
854,Chana Mccormick,31/07/2024,03/08/2024,Amsterdam,Vienna
855,Belinda Camacho,12/01/2024,17/01/2024,Barcelona,Munich
856,Lucian Johns,18/07/2024,24/07/2024,Prague,Barcelona
857,Arnav Dodson,05/11/2024,19/11/2024,Lisbon,Berlin
858,Aldo Hester,21/12/2024,03/01/2025,Vienna,Barcelona
859,Lilian Lynch,22/03/2024,03/04/2024,London,Munich
860,Walter Krueger,09/09/2024,23/09/2024,Barcelona,Milan
861,Asher Holmes,21/01/2024,29/01/2024,Brussels,Paris
862,Paloma Pruitt,14/07/2024,19/07/2024,Dublin,Barcelona
863,Naomi Warren,28/05/2024,08/06/2024,Barcelona,Brussels
864,Mila Mckee,11/09/2024,18/09/2024,Zurich,Paris
865,Arabella Hogan,09/08/2024,12/08/2024,Barcelona,Dublin
866,Lorenzo Silva,11/01/2024,24/01/2024,Vienna,Milan
867,Eduardo Barker,18/01/2024,31/01/2024,Barcelona,Barcelona
868,Levi Martinez,22/07/2024,26/07/2024,Milan,Barcelona
869,Camren Soto,16/04/2024,30/04/2024,Prague,Amsterdam
870,Jazlyn Hess,28/07/2024,01/08/2024,Lisbon,Madrid
871,Beckham Suarez,14/02/2024,18/02/2024,Madrid,Milan
872,Gauge Cervantes,03/07/2024,13/07/2024,London,Rome
873,Maddox Perry,06/02/2024,17/02/2024,Barcelona,London
874,Jaliyah Mendez,01/02/2024,08/02/2024,Paris,Budapest
875,Jovani Boyle,25/05/2024,02/06/2024,Amsterdam,Barcelona
876,Angel Blevins,23/04/2024,03/05/2024,Munich,London
877,Iris Oconnor,16/01/2024,24/01/2024,Barcelona,Prague
878,Penelope Bradford,10/07/2024,17/07/2024,Brussels,Lisbon
879,Chloe Kaufman,16/01/2024,22/01/2024,Dublin,Berlin
880,Daniel Hays,28/07/2024,08/08/2024,Vienna,Barcelona
881,Rebecca Zimmerman,19/02/2024,25/02/2024,London,Vienna
882,Emery Pittman,04/07/2024,15/07/2024,Milan,Paris
883,Lilly Buck,19/01/2024,01/02/2024,Madrid,Zurich
884,Lukas Schmidt,31/08/2024,11/09/2024,Barcelona,Amsterdam
885,Emilia Kidd,06/07/2024,09/07/2024,Paris,Munich
886,Giuliana Woodard,28/10/2024,31/10/2024,Barcelona,Lisbon
887,Macie Lewis,25/04/2024,06/05/2024,Budapest,London
888,Isabela Ellison,05/03/2024,13/03/2024,Florence,Barcelona
889,Taryn Harrington,05/04/2024,12/04/2024,Amsterdam,Vienna
890,Nathalia Stokes,16/02/2024,28/02/2024,Barcelona,Munich
891,Yadira Huffman,06/05/2024,20/05/2024,Prague,Barcelona
892,Jack Flynn,05/05/2024,11/05/2024,Lisbon,Berlin
893,Colt Farrell,25/10/2024,28/10/2024,Vienna,Barcelona
894,Jaelynn Thompson,10/11/2024,15/11/2024,London,Munich
895,Mateo Brooks,26/03/2024,08/04/2024,Barcelona,Milan
896,Malia Smith,10/01/2024,23/01/2024,Brussels,Paris
897,Jamari Gilbert,19/09/2024,28/09/2024,Dublin,Barcelona
898,Trevon Ritter,27/01/2024,09/02/2024,Barcelona,Brussels
899,Rohan Kelly,27/01/2024,10/02/2024,Zurich,Paris
900,Kyan Wall,03/04/2024,08/04/2024,Barcelona,Dublin
901,Destiney Schneider,16/02/2024,21/02/2024,Vienna,Milan
902,Nathalie Jefferson,17/05/2024,28/05/2024,Barcelona,Barcelona
903,Felicity Rosales,04/10/2024,09/10/2024,Milan,Barcelona
904,Jaliyah Riley,14/03/2024,17/03/2024,Prague,Amsterdam
905,Jorge Fisher,12/09/2024,16/09/2024,Lisbon,Madrid
906,Taylor Barnes,11/08/2024,25/08/2024,Madrid,Milan
907,Octavio Walter,10/03/2024,14/03/2024,London,Rome
908,Kelvin Blackburn,22/09/2024,03/10/2024,Barcelona,London
909,Jamarcus Wilkins,19/05/2024,31/05/2024,Paris,Budapest
910,Trace Weber,13/04/2024,20/04/2024,Amsterdam,Barcelona
911,Owen Kerr,31/10/2024,13/11/2024,Munich,London
912,Trinity Abbott,02/05/2024,14/05/2024,Barcelona,Prague
913,Justine Patterson,23/03/2024,29/03/2024,Brussels,Lisbon
914,Cara Steele,30/12/2024,10/01/2025,Dublin,Berlin
915,Tristen Delacruz,06/01/2024,14/01/2024,Vienna,Barcelona
916,Leroy Acevedo,11/06/2024,23/06/2024,London,Vienna
917,London Chen,26/06/2024,06/07/2024,Milan,Paris
918,Luciano Wong,13/04/2024,23/04/2024,Madrid,Zurich
919,Alan Whitaker,30/08/2024,02/09/2024,Barcelona,Amsterdam
920,Cristofer Benitez,30/04/2024,04/05/2024,Paris,Munich
921,Natalia Valdez,01/04/2024,06/04/2024,Barcelona,Lisbon
922,Gillian Arellano,04/05/2024,15/05/2024,Budapest,London
923,Simon Best,03/10/2024,06/10/2024,Florence,Barcelona
924,Braylon Salas,02/02/2024,12/02/2024,Amsterdam,Vienna
925,Ryker Landry,01/04/2024,11/04/2024,Barcelona,Munich
926,Paityn White,01/02/2024,07/02/2024,Prague,Barcelona
927,Kendall Shaffer,26/07/2024,04/08/2024,Lisbon,Berlin
928,Wesley Fischer,01/03/2024,10/03/2024,Vienna,Barcelona
929,Lara Juarez,16/10/2024,20/10/2024,London,Munich
930,Makayla Meza,30/11/2024,07/12/2024,Barcelona,Milan
931,Cali Yates,01/08/2024,09/08/2024,Brussels,Paris
932,Juliet Wiggins,08/10/2024,15/10/2024,Dublin,Barcelona
933,Evan Brady,02/07/2024,11/07/2024,Barcelona,Brussels
934,Hugo Whitehead,15/03/2024,19/03/2024,Zurich,Paris
935,Quinton Evans,03/02/2024,14/02/2024,Barcelona,Dublin
936,Amber Huff,02/08/2024,12/08/2024,Vienna,Milan
937,Rodney Cortez,06/03/2024,19/03/2024,Barcelona,Barcelona
938,Jaiden Levine,25/06/2024,07/07/2024,Milan,Barcelona
939,Jair Gamble,29/07/2024,04/08/2024,Prague,Amsterdam
940,Karley Griffin,21/09/2024,05/10/2024,Lisbon,Madrid
941,Faith Mccann,25/01/2024,28/01/2024,Madrid,Milan
942,Michelle Wade,19/07/2024,31/07/2024,London,Rome
943,Rayne Bates,17/06/2024,23/06/2024,Barcelona,London
944,Alvin Schmitt,27/09/2024,11/10/2024,Paris,Budapest
945,Jaylyn Kennedy,16/10/2024,19/10/2024,Amsterdam,Barcelona
946,Jocelynn Williams,20/07/2024,29/07/2024,Munich,London
947,Oliver Branch,25/03/2024,30/03/2024,Barcelona,Prague
948,Emerson Brady,19/12/2024,29/12/2024,Brussels,Lisbon
949,Elena Benson,14/08/2024,19/08/2024,Dublin,Berlin
950,Diego Lynn,27/04/2024,05/05/2024,Vienna,Barcelona
951,Dario Hensley,13/08/2024,16/08/2024,London,Vienna
952,Deja Mata,18/01/2024,24/01/2024,Milan,Paris
953,Sean Pitts,15/10/2024,29/10/2024,Madrid,Zurich
954,Kian Spears,02/08/2024,11/08/2024,Barcelona,Amsterdam
955,Patricia Ortega,27/05/2024,05/06/2024,Paris,Munich
956,Arthur Brewer,13/10/2024,26/10/2024,Barcelona,Lisbon
957,Enrique Christian,16/07/2024,22/07/2024,Budapest,London
958,Jesse Tapia,16/12/2024,23/12/2024,Florence,Barcelona
959,Braylon Malone,06/05/2024,18/05/2024,Amsterdam,Vienna
960,Duncan Henson,18/11/2024,26/11/2024,Barcelona,Munich
961,Damari Roy,29/09/2024,08/10/2024,Prague,Barcelona
962,Nathan Conway,29/08/2024,11/09/2024,Lisbon,Berlin
963,Daphne Mendez,04/11/2024,13/11/2024,Vienna,Barcelona
964,Madisyn Patrick,05/04/2024,14/04/2024,London,Munich
965,Bailey Cisneros,29/04/2024,03/05/2024,Barcelona,Milan
966,Janiya Riley,30/01/2024,12/02/2024,Brussels,Paris
967,Saul Castillo,27/04/2024,05/05/2024,Dublin,Barcelona
968,Maribel Brewer,19/10/2024,25/10/2024,Barcelona,Brussels
969,Andreas Ward,21/03/2024,27/03/2024,Zurich,Paris
970,Claudia Pitts,17/01/2024,24/01/2024,Barcelona,Dublin
971,Brock Bender,14/09/2024,23/09/2024,Vienna,Milan
972,Jamir Stafford,14/04/2024,17/04/2024,Barcelona,Barcelona
973,Juliana Gregory,02/03/2024,13/03/2024,Milan,Barcelona
974,Elisabeth Cochran,21/09/2024,30/09/2024,Prague,Amsterdam
975,Cynthia Bentley,28/12/2024,09/01/2025,Lisbon,Madrid
976,Tobias Young,19/06/2024,03/07/2024,Madrid,Milan
977,Izabella Rowe,14/08/2024,21/08/2024,London,Rome
978,Cassandra Sims,02/09/2024,08/09/2024,Barcelona,London
979,Jovanni Ramirez,03/09/2024,10/09/2024,Paris,Budapest
980,Amaya Bruce,03/09/2024,12/09/2024,Amsterdam,Barcelona
981,Destinee Ruiz,24/09/2024,05/10/2024,Munich,London
982,Rhys Fuller,19/04/2024,02/05/2024,Barcelona,Prague
983,Addison Cisneros,06/09/2024,12/09/2024,Brussels,Lisbon
984,Gaven Pace,29/06/2024,07/07/2024,Dublin,Berlin
985,Amira Collins,01/12/2024,13/12/2024,Vienna,Barcelona
986,Cortez Kirby,19/07/2024,25/07/2024,London,Vienna
987,Davon Davenport,20/08/2024,25/08/2024,Milan,Paris
988,Serena Pena,14/05/2024,26/05/2024,Madrid,Zurich
989,Jenna Garcia,12/04/2024,19/04/2024,Barcelona,Amsterdam
990,Alejandra Russell,24/01/2024,07/02/2024,Paris,Munich
991,Reese Rivera,07/05/2024,19/05/2024,Barcelona,Lisbon
992,Alexzander Riddle,09/10/2024,23/10/2024,Budapest,London
993,Gillian Khan,01/02/2024,14/02/2024,Florence,Barcelona
994,Isabelle Pennington,09/07/2024,18/07/2024,Amsterdam,Vienna
995,Meadow Duke,28/12/2024,08/01/2025,Barcelona,Munich
996,Kole Hutchinson,12/11/2024,26/11/2024,Prague,Barcelona
997,Paloma Hancock,03/09/2024,15/09/2024,Lisbon,Berlin
998,Brent Mills,22/01/2024,29/01/2024,Vienna,Barcelona
999,Uriah Powell,21/10/2024,29/10/2024,London,Munich
1000,Myles Bush,08/02/2024,22/02/2024,Barcelona,Milan